stimuli,actor,gender,actor_emotions,actor_emotion_strength,friends_emotions,friends_emotion_strength,friends_reaction,friends_reaction_should,acquaintances_emotions,acquaintances_emotion_strength,acquaintances_reaction,acquaintances_reaction_should,strangers_emotions,strangers_emotion_strength,strangers_reaction,strangers_reaction_should,norm_inappropriateness,norm_wrongness
William did not tell someone's girlfriend that he cheated on her.,William,male,"{'emotions': ['Guilt', 'Shame', 'Embarrassment'], 'other_emotions': [], 'no_emotion': False}","{'Guilt': 3, 'Shame': 3, 'Embarrassment': 2}","{'emotions': ['Anger', 'Disgust', 'Contempt'], 'other_emotions': [], 'no_emotion': False}","{'Anger': 4, 'Disgust': 3, 'Contempt': 3}",4,4,"{'emotions': ['Anger', 'Disgust'], 'other_emotions': [], 'no_emotion': False}","{'Anger': 3, 'Disgust': 2}",3,3,"{'emotions': [], 'other_emotions': [], 'no_emotion': True}",,1,1,4,4
Maria did not tell someone's girlfriend that he cheated on her.,Maria,female,"{'emotions': ['Shame', 'Guilt'], 'other_emotions': [], 'no_emotion': False}","{'Shame': 2, 'Guilt': 3}","{'emotions': ['Anger', 'Disgust'], 'other_emotions': [], 'no_emotion': False}","{'Anger': 3, 'Disgust': 2}",4,4,"{'emotions': [], 'other_emotions': [], 'no_emotion': True}",,1,1,"{'emotions': [], 'other_emotions': [], 'no_emotion': True}",,1,1,2,2
John rarely talks to his elderly roommates and does not make efforts to create a friendly atmosphere in the house.,John,male,"{'emotions': ['Shame', 'Guilt'], 'other_emotions': [], 'no_emotion': False}","{'Shame': 3, 'Guilt': 2}","{'emotions': ['Anger', 'Disgust'], 'other_emotions': [], 'no_emotion': False}","{'Anger': 3, 'Disgust': 2}",4,4,"{'emotions': ['Embarrassment', 'Disgust'], 'other_emotions': [], 'no_emotion': False}","{'Embarrassment': 2, 'Disgust': 2}",3,3,"{'emotions': ['Disgust', 'Contempt'], 'other_emotions': [], 'no_emotion': False}","{'Disgust': 2, 'Contempt': 2}",1,1,3,3
Mary rarely talks to her elderly roommates and does not make efforts to create a friendly atmosphere in the house.,Mary,female,"{'emotions': ['Guilt'], 'other_emotions': [], 'no_emotion': False}",{'Guilt': 2},"{'emotions': ['Anger'], 'other_emotions': [], 'no_emotion': False}",{'Anger': 3},4,4,"{'emotions': ['Disgust'], 'other_emotions': [], 'no_emotion': False}",{'Disgust': 2},3,3,"{'emotions': ['Disgust'], 'other_emotions': [], 'no_emotion': False}",{'Disgust': 2},1,1,3,3
Robert stayed up until 5 am because he assumed that his girlfriend was not trying to sleep.,Robert,male,"{'emotions': ['Guilt'], 'other_emotions': [], 'no_emotion': False}",{'Guilt': 2},"{'emotions': ['Anger'], 'other_emotions': [], 'no_emotion': False}",{'Anger': 3},4,4,"{'emotions': [], 'other_emotions': [], 'no_emotion': True}",,1,1,"{'emotions': [], 'other_emotions': [], 'no_emotion': True}",,1,1,2,2
Barbara stayed up until 5 am because she assumed that her boyfriend was not trying to sleep.,Barbara,female,"{'emotions': ['Guilt'], 'other_emotions': [], 'no_emotion': False}",{'Guilt': 2},"{'emotions': ['Anger'], 'other_emotions': [], 'no_emotion': False}",{'Anger': 3},4,4,"{'emotions': ['Disgust'], 'other_emotions': [], 'no_emotion': False}",{'Disgust': 2},3,3,"{'emotions': [], 'other_emotions': [], 'no_emotion': True}",,1,1,2,2
"David does not listen to his girlfriend about his health, so he is not taking care of his health.",David,male,"{'emotions': ['Shame', 'Guilt'], 'other_emotions': [], 'no_emotion': False}","{'Shame': 2, 'Guilt': 2}","{'emotions': ['Anger', 'Disgust'], 'other_emotions': [], 'no_emotion': False}","{'Anger': 3, 'Disgust': 3}",4,4,"{'emotions': ['Anger'], 'other_emotions': [], 'no_emotion': False}",{'Anger': 3},4,4,"{'emotions': ['Disgust'], 'other_emotions': [], 'no_emotion': False}",{'Disgust': 2},3,3,3,3
"Jennifer does not listen to her boyfriend about her health, so she is not taking care of her health.",Jennifer,female,"{'emotions': ['Shame', 'Guilt'], 'other_emotions': [], 'no_emotion': False}","{'Shame': 3, 'Guilt': 3}","{'emotions': ['Compassion', 'Anger'], 'other_emotions': [], 'no_emotion': False}","{'Compassion': 2, 'Anger': 3}",4,4,"{'emotions': ['Compassion', 'Anger'], 'other_emotions': [], 'no_emotion': False}","{'Compassion': 2, 'Anger': 3}",4,4,"{'emotions': ['Compassion'], 'other_emotions': [], 'no_emotion': False}",{'Compassion': 2},1,1,2,2
Thomas did not grieve his dead dog before getting a new one.,Thomas,male,"{'emotions': ['Guilt'], 'other_emotions': [], 'no_emotion': False}",{'Guilt': '2'},"{'emotions': [], 'other_emotions': [], 'no_emotion': True}",,1,1,"{'emotions': [], 'other_emotions': [], 'no_emotion': True}",,1,1,"{'emotions': [], 'other_emotions': [], 'no_emotion': True}",,1,1,2,2
Mary did not grieve her dead dog before getting a new one.,Mary,female,"{'emotions': ['Disgust'], 'other_emotions': [], 'no_emotion': False}",{'Disgust': 2},"{'emotions': ['Disgust'], 'other_emotions': [], 'no_emotion': False}",{'Disgust': 2},4,4,"{'emotions': ['Disgust'], 'other_emotions': [], 'no_emotion': False}",{'Disgust': 2},4,4,"{'emotions': ['Disgust'], 'other_emotions': [], 'no_emotion': False}",{'Disgust': 2},4,4,3,3
