comprehensibility,offensiveness,prevalence,subjectivity,message_id,stimuli-male
6,5,6,5,reddit/amitheasshole/avxz68,William did not tell someone's girlfriend that he cheated on her.
6,2,5,4,reddit/amitheasshole/alg2n1,John rarely talks to his elderly roommates and does not make efforts to create a friendly atmosphere in the house.
6,1,5,4,reddit/amitheasshole/alv89u,Robert stayed up until 5 am because he assumed that his girlfriend was not trying to sleep.
6,2,5,4,reddit/amitheasshole/a4l295,"David does not listen to his girlfriend about his health, so he is not taking care of his health."
6,2,5,4,reddit/amitheasshole/atksbr,Thomas did not grieve his dead dog before getting a new one.
5,6,4,5,reddit/amitheasshole/b9yvvi,Mark smacked a car that parked in crosswalks because the car belonged to him and that was what he wanted to do.
6,2,5,3,reddit/amitheasshole/b9yvvi,Mark hit a car in a parking lot.
6,2,5,4,reddit/confessions/cqyu3g,William gives people money on Instagram and is not cautious with strangers he meets online.
6,5,3,4,reddit/confessions/bvi68u,James hopes his roommate's dog dies.
6,7,3,5,reddit/confessions/bvi68u,Mark wishes death on any living thing.
6,2,5,4,dearabby/title/dearabby_2018_3_10_2_girl-looks-for-ways-to-spend,William looks for ways to spend more time with mom because he wants to monopolize all of his parents' time.
6,5,4,5,reddit/amitheasshole/a10isw,Robert makes fun of others' kinks.
6,2,5,4,reddit/amitheasshole/b4pard,David refuses to put more effort into his best friendship because he doesn't want to support his friend who is having problems anymore.
6,1,5,4,reddit/confessions/ami1ru,David's parents have never told him that they are proud of him and he does not think he'll ever get the chance to hear it.
6,1,5,4,rocstories/da1f8276-a245-4ac4-bf04-0024e0157444/sentence5,Michael is in love with his own image.
6,5,4,5,reddit/amitheasshole/b81w4s,Charles deleted his mom's Facebook posts because he was not accepting of her self-expression.
6,4,5,3,reddit/confessions/dyzttg,Mark stole from his sister 6 years ago.
6,2,5,4,dearabby/title/dearabby_2018_8_23_0_guests-at-mountain-getaway-come-up,Thomas did not thank his friend for hosting him in his new home.
6,5,4,3,rocstories/c51cb6e9-0ab7-482a-8209-8169e8a1ff60/sentence5,David hurt a boy in a fight by kicking him in the stomach and pushing him down.
6,1,5,4,dearabby/title/dearabby_2015_3_12_2_man-moves-past-hardships-of-life,James bottles up emotions and moves past hardships of life without shedding a tear.
6,5,6,5,reddit/confessions/a30534,Mark works at a place where he is abused all the time but he can't afford to quit his job.
6,3,5,4,reddit/confessions/beger4,"Mark kicked a guy on his nut unintentionally, and the guy cried and ran away."
5,1,5,3,reddit/amitheasshole/axsgov,Michael does not fill out paperwork for his partner.
6,2,5,3,reddit/amitheasshole/as4syh,James plays music fairly loudly in his car.
6,1,3,4,reddit/confessions/8anril,William likes to dip his bread in coca cola.
6,1,5,3,reddit/amitheasshole/b157kk,Michael has to stay at an expensive hotel in order to enjoy his vacation.
6,1,5,4,reddit/confessions/b3hj9o,William is 21 and already done with dating because he is too hard on himself.
6,2,5,4,rocstories/6944ee2f-f542-4952-9f42-3de73d672152/sentence5,William broke into tears after he got the ticket because he did not follow the laws.
6,1,5,3,rocstories/65f82c4d-f59c-4037-b378-14bacc282e5b/sentence4,Michael drove to his friend's house instead of walking even though walking was possible.
6,3,5,4,rocstories/c25820b0-8c9e-47ad-95e1-f8a5530758f7/sentence2,John rear-ended someone because he was going over 50 miles per hour and driving dangerously.
6,1,5,3,reddit/confessions/eysdfo,"James can no longer afford eating more than once a day and, therefore, is losing weight."
6,2,5,4,dearabby/title/dearabby_2013_4_24_1_husband-doesnt-want-wife-to-drive,David doesn't want his wife to drive his expensive car because he thinks she will destroy it.
6,4,5,5,dearabby/title/dearabby_2008_3_1_0_mom-advises-teen-to-trade-old,James micromanages his child's social life by advising the child to trade old friends in for new ones.
6,2,5,4,reddit/confessions/ezkoym,James has been starving himself and has not been maintaining a healthy diet.
6,5,4,5,dearabby/title/dearabby_2017_8_4_0_woman-feels-steamrollered-by-in-laws-in,Mark's in-laws disrespected Mark in his own home.
6,5,4,5,reddit/confessions/astb1b,Robert wants to kill himself and end it all.
6,1,4,3,reddit/amitheasshole/b30ybr,"Richard was talking on the phone while giving blood, so he wasn't paying attention to the medical procedure."
6,7,5,4,reddit/amitheasshole/9xc4mr,Mark cursed at someone by calling them a fat piece of shit.
6,1,5,2,reddit/confessions/9wec86,Richard puked on the bus because the bus made him feel sick.
6,2,5,4,reddit/amitheasshole/aed8nw,Charles gave an uber driver fewer stars for making a phone call while he was in the car.
6,7,2,3,reddit/amitheasshole/aos08z,Mark killed people and distributed their belongings.
6,2,4,5,reddit/amitheasshole/awkam2,James accepted money from a woman he had no interest in.
6,4,5,5,dearabby/title/dearabby_2016_9_18_2_smoking-clouds-decision-to-contribute-money,Robert decides not to donate to someone's surgery because they smoke.
6,2,5,3,rocstories/c1f6c16c-85d7-4450-9ee4-ab157c53ff2b/sentence5,"Charles didn't notice that someone had stopped suddenly in front of him, and he ran over them."
6,2,4,5,reddit/amitheasshole/am3emj,"Thomas sent his nurse flowers with his phone number attached, hoping she would call him."
6,5,4,5,reddit/amitheasshole/b92jvc,"Mark returned a too-far joke with another too-far joke, and therefore offended others."
6,3,5,4,reddit/amitheasshole/azkzlo,"William fed his friend when they said no, therefore annoying his friend."
6,7,3,5,reddit/amitheasshole/9z8l75,William tried to fool an elderly man with dementia and let him think that he was his son.
6,7,4,5,reddit/amitheasshole/9teku4,Thomas punched his autistic sibling.
6,7,4,5,reddit/amitheasshole/a46wqz,James called his girlfriend overweight and told her to lose weight if she wanted to keep dating him.
6,2,5,4,reddit/amitheasshole/apbdev,Robert refuses to talk to his father after an argument.
6,5,4,5,reddit/amitheasshole/ay3pyx,William accidentally laughed at a fat joke directed at his kid's teacher.
6,4,5,3,reddit/amitheasshole/as3bdi,"Mark farted in front of people on the train, where people couldn't escape the smell."
6,3,5,4,reddit/amitheasshole/akjuej,James isn't being friendly with a classmate and tells him he doesn't consider him a friend.
6,1,5,3,reddit/amitheasshole/9u8tt9,Richard does not visit his grandparents very often.
6,2,5,4,reddit/amitheasshole/aru0cj,Mark yelled at his dad and vowed never to open up to him again.
6,5,4,5,reddit/amitheasshole/as3w1c,John told a girl she didn't age well.
6,3,4,5,reddit/amitheasshole/azbq18,William hid his mother's things around the house so she couldn't find them.
6,4,5,3,reddit/amitheasshole/ba5ad6,James yelled at an old man for cutting the line at a grocery store.
6,3,5,4,reddit/amitheasshole/b5tgo2,Charles demanded that he get a refund and caused trouble for the cashier.
6,5,4,6,reddit/amitheasshole/b14bpm,"Robert told someone that unfortunate incidents in their life were ""karma"" and they got what they deserved."
6,5,4,5,reddit/amitheasshole/b0vcva,Thomas let his wife consume mushrooms that were potentially poisonous and dangerous.
6,3,5,4,reddit/amitheasshole/aup1nn,"James revenged on his group member by not putting his name on a project presentation, which resulted in him getting a 0 for the project."
5,4,3,4,reddit/amitheasshole/9vujly,Thomas made his friend sleep in the garage.
6,7,5,6,reddit/amitheasshole/9v67pn,Michael offended someone with insensitive questions and asked them if they were transgender.
6,3,5,4,reddit/amitheasshole/b27gpv,John unsolicitedly brought up a short colleague's height and commented favorably on it.
6,4,5,5,reddit/amitheasshole/aahlc2,James disinvited a friend from a trip they had planned together and canceled the friend's plane ticket.
6,5,4,5,reddit/amitheasshole/b8dkwr,Michael was mean to his significant other and called her spoiled.
6,5,4,3,reddit/amitheasshole/b0ofau,Charles told a missionary to fuck off when he was bothering him.
6,5,4,3,reddit/amitheasshole/b4yunw,John destroyed others' property by throwing away toys left by neighbor kids in his yard.
6,7,5,4,reddit/amitheasshole/ba3zvb,Richard insulted his spouse by agreeing with his friends that his wife is fat.
6,7,2,5,reddit/amitheasshole/a35hgh,Richard punched a survivor of pediatric brain cancer.
6,4,5,3,reddit/amitheasshole/amqe73,Mark is excluding someone from his party unless they pay for food.
6,4,5,5,reddit/amitheasshole/atm4o5,Robert threw out his ex wife's photo albums
6,5,4,5,reddit/amitheasshole/aid4oy,"Robert did not tell his friend that he might have an STD, therefore keeping information from him that could cause medical problems."
6,2,5,4,reddit/amitheasshole/a21sqs,Thomas chooses not to be with his family on the anniversary of his sister's son's death and does not want to see his sister that day.
6,5,4,5,reddit/amitheasshole/a5mihm,John is cruel and uncaring of his employees and chooses not to give an employee Christmas off. 
6,7,5,4,reddit/amitheasshole/ag4qtl,William reposted a meme that had the n-word in it.
6,2,5,4,reddit/amitheasshole/a58e8v,James responded with sarcasm in response to a customer's sarcasm.
6,2,5,4,reddit/amitheasshole/b3xubh,"Richard confessed to his childhood best friend that he loved her, which made her uncomfortable."
6,3,5,4,reddit/amitheasshole/b5tn6v,Charles unplugged someone's laptop in the school working area.
6,3,4,5,reddit/amitheasshole/ak13fx,John did not let his son know that his grandfather died.
6,3,4,5,reddit/amitheasshole/b7i685,"Michael taught his 7-year-old daughter how to play blackjack, a gambling game."
6,1,5,3,reddit/amitheasshole/a40zr2,Michael is forgetful about important promises and made plans on the day he agreed to meet his friend.
5,4,4,6,reddit/amitheasshole/anrfrc,Thomas made his wife quit her new job.
6,4,5,5,reddit/amitheasshole/a4hbln,James called out people's white lies and created unnecessary conflict with people.
6,5,4,5,reddit/amitheasshole/afn2yj,William is mean to his depressed friend.
6,1,5,2,reddit/amitheasshole/axgvbc,Mark wants to vape.
5,4,4,5,reddit/amitheasshole/a0edyl,John took revenge on a coworker.
6,5,4,6,reddit/amitheasshole/b8pti8,John gave his sister weed knowing she had bad experiences in the past.
6,7,4,5,reddit/amitheasshole/a8aa10,Robert kicked a girl's water bottle into her face because she bullied him.
6,2,5,4,reddit/amitheasshole/ay3tip,Richard chose not to visit a friend when they felt down and needed encouragement.
6,5,4,5,reddit/amitheasshole/axhdd5,Charles called his friend's girlfriend a coke addict after being told that she did cocaine.
6,2,5,4,reddit/amitheasshole/aioib0,David does not want to take his wife on a trip to Europe with him.
6,2,5,4,reddit/amitheasshole/axqm2s,James dates multiple people instead of being monogamous.
6,1,5,4,reddit/confessions/dr8653,Thomas is friends with people he doesn't really like.
6,1,5,4,reddit/confessions/6d396k,Thomas has some secrets that he hates himself for.
5,4,6,5,dearabby/title/dearabby_2019_4_26_0_affair-that-led-to-a-long,William had a secrete affair that led to a long marriage.
6,2,5,4,dearabby/title/dearabby_2017_4_4_1_difficult-conversation-with-girlfriend-looms-for,Mark stayed in a relationship when he was attracted to someone else.
6,2,5,4,dearabby/title/dearabby_2019_5_8_0_mans-private-mailbox-leads-wife-to,Richard questions his spouse about his suspicions.
6,5,4,5,reddit/confessions/8p2idj,Charles and his fiancée are lying to her religious parents to get married.
6,3,5,4,dearabby/title/dearabby_2013_4_24_1_husband-doesnt-want-wife-to-drive,Michael isn't respecting his wife's wishes as he doesn't want her to drive his exotic car.
6,1,5,3,reddit/amitheasshole/9uumw1,"Michael is late meeting his girlfriend at the airport, and she is pissed at him."
6,7,4,5,reddit/confessions/bm6ok9,Richard betrayed his friend by making him believe he wanted to sleep with his wife to hide an even darker truth.
6,2,5,4,reddit/amitheasshole/ap5v5n,Mark left a date with a very nice person because he ran into an old flame and wanted to get back with her.
6,4,5,3,reddit/confessions/1jx4nc,John spied on people on social media.
5,6,4,5,dearabby/title/dearabby_2013_7_3_0_brother-in-laws-kisses-leave-sister,Richard kissed his sister-in-law in a fury.
6,1,5,4,dearabby/title/dearabby_2020_1_23_1_man-who-moved-for-love-feels,Charles moved for love and felt stranded after break up because he had expected the relationship to last forever.
6,5,4,5,reddit/confessions/em7tzg,"Richard uses his ex's name as a curse word, which disrespects his ex."
6,2,5,4,reddit/amitheasshole/ac0eda,Richard told his class that his friend was bi
6,1,5,4,reddit/amitheasshole/aw130c,James wanted to go to a party instead of driving up to see his girlfriend and spending a good amount of time with her.
6,2,5,4,reddit/amitheasshole/b77e1j,James got mad about taking his little brother home and was not willing to help his family.
5,6,4,5,reddit/amitheasshole/a7p210,Robert ruined his ex's life.
6,1,5,4,rocstories/62eb44ab-c341-466d-a09f-8f79acae83c2/sentence4,Michael realized he was wasting time and idolizing his partner after two years.
6,2,5,4,reddit/amitheasshole/9ww26q,"William constantly calls his girlfriend, which annoys her."
6,5,4,5,reddit/confessions/cq0b0y,Richard cheated after 7 years and lied to the people he loves.
6,2,5,4,reddit/amitheasshole/b8w3za,Richard put his parents on the spot by telling them he was moving out only a week prior.
6,1,5,4,reddit/confessions/9jj22p,Mark pushes everyone away and isolates himself.
6,1,5,2,reddit/amitheasshole/9tzn0z,John said to being a groomsman at a friend's wedding.
6,3,5,4,reddit/amitheasshole/a4e58y,James didn't have much trust in his girlfriend; he looked through her phone and then broke up with her.
6,5,4,5,reddit/amitheasshole/admbml,Robert wants a relationship with his wife's sister.
6,1,5,3,reddit/amitheasshole/9z43x5,Mark didn't help his sister as he didn't lend her his car.
6,2,5,4,reddit/amitheasshole/ap4zff,Charles hung up abruptly on his cousin.
6,5,4,6,reddit/amitheasshole/b41w0n,David told his girlfriend to stop talking to her dead husband's family.
6,3,5,4,reddit/amitheasshole/a9llq3,Thomas is romantically interested in his best friend's ex.
6,3,5,5,reddit/amitheasshole/acrtv1,John doesn't trust his girlfriend and doesn't want her to hang out with a guy who's clearly trying to sleep with her.
6,1,5,3,reddit/amitheasshole/algye5,William didn't get his mom a birthday gift.
6,5,4,5,reddit/amitheasshole/9um4q5,Robert tried to exclude a friend by telling the friend to stop hanging out with them.
6,1,5,3,reddit/amitheasshole/a9rm5n,Michael canceled his trip with his family to go home.
6,3,5,4,reddit/amitheasshole/afvqlc,David is mad at his friend for dating his ex.
6,2,5,4,reddit/amitheasshole/b5b5di,Mark is jealous of his girlfriend.
6,3,5,4,reddit/amitheasshole/b5jueq,Charles doesn't want to take care of his dad.
6,3,5,4,reddit/amitheasshole/ad2kn7,Thomas ghosted a very lonely lady who he just befriended
6,3,5,4,reddit/amitheasshole/ajzkke,John ended a friendship without warning or explaining why.
6,2,5,4,reddit/amitheasshole/b6ck00,James ghosted a friend for his odd text messages.
6,5,4,6,reddit/amitheasshole/9t4x9h,Michael gave black kids more candy than white kids.
6,1,5,4,reddit/amitheasshole/anxzqd,David does not want to spend time with family.
6,5,4,5,reddit/amitheasshole/b32ymu,Mark exposed his friend's secret by telling his parents about his relationship.
6,7,5,6,reddit/amitheasshole/b4jww0,William insulted his girlfriend's family by asking her outright if they are racist.
6,3,5,4,reddit/amitheasshole/az3kec,Charles told his mother off for not properly cleaning the dishes.
6,2,4,5,reddit/amitheasshole/b9sgn6,"David hasn't seen his dad for ten years, and he just canceled a trip to see him for the first time because his dad wanted to get married."
6,2,5,4,reddit/amitheasshole/aruqj6,Richard is not supporting his sister as he disagrees with her drama.
6,5,4,5,reddit/amitheasshole/a7sci5,Robert betrayed his girlfriend's trust and threw her under the bus to help someone else.
6,1,5,3,reddit/amitheasshole/agh7qz,James does not want to see his friends.
6,3,5,4,reddit/amitheasshole/akg10z,Mark danced with his female friend in front of his girlfriend.
6,2,5,4,reddit/amitheasshole/a1381y,Richard did not show up to his friend's wedding.
6,2,5,3,reddit/amitheasshole/au4zxy,Robert did not pay rent even though he said he would.
6,1,5,3,reddit/amitheasshole/aplqzd,Mark did not answer the door when his parents visited him.
6,3,4,5,reddit/amitheasshole/a2lnof,Thomas disowned his parents.
6,1,5,4,reddit/amitheasshole/b9hpka,John isn't being social and doesn't talk to his coworkers when they eat lunch.
6,2,5,4,reddit/amitheasshole/a1olby,Thomas refuses to see most of his biological family.
5,3,4,4,reddit/amitheasshole/a6jbph,David turned his brother away in the rain.
6,4,5,5,reddit/amitheasshole/b8cqym,James skipped his grandparent's funeral to attend an important work training.
6,2,5,5,reddit/amitheasshole/ac6iho,Mark ended a friendship after his friend made a joke that he didn't find funny.
6,5,4,5,reddit/amitheasshole/al3pg3,Richard reported his parents to the IRS for evading their taxes for 8 years and didn't help hide his family's illegal activities.
6,5,4,5,reddit/amitheasshole/angjy3,Charles abandoned his abused friend and let him down when he was counting on him.
6,2,5,4,reddit/amitheasshole/aqw4ih,William told his best friend that him and his friend were obnoxious together.
6,3,5,4,reddit/amitheasshole/ajxfsq,"John silently got up and walked away when his grandma sat next to him, shunning her when she wanted to spend time with him."
6,3,5,4,reddit/amitheasshole/ad2su6,"Richard thinks he should be involved in every aspect of his girlfriend's life, and therefore expects to be invited to her surprise party."
6,5,4,5,reddit/amitheasshole/auckbi,James insulted his religious dad.
6,2,5,4,reddit/amitheasshole/b4ejwe,Michael does not want his boyfriend to touch him anymore.
6,7,5,4,reddit/amitheasshole/apc2b5,"Thomas didn't show respect toward his family's partners and called his brother's girlfriend ""Miss Piggy"" for eating their food after they told her not to."
6,5,4,6,reddit/amitheasshole/a9j1tc,Charles logged into his ex-girlfriend's Snapchat and found out that she might have cheated. 
6,1,5,4,reddit/amitheasshole/b4oujl,James held onto grudges with his friend for too long and did not want to reconcile with him.
6,1,5,4,reddit/amitheasshole/as2vom,John avoids his mom's boyfriend.
5,2,4,5,reddit/amitheasshole/ausgxf,Richard expects his girlfriend to watch a TV show with him because he expects her to do things with him all the time.
6,3,5,4,reddit/amitheasshole/a447d1,William lies to his friends constantly.
6,3,5,4,reddit/amitheasshole/al1pi0,Mark hid things from his partner by not telling her the name of an old friend.
6,3,5,4,reddit/amitheasshole/a6ltq4,Robert told his wife to shush when she was laughing loudly.
6,2,5,4,reddit/amitheasshole/9xiga2,John does not want to go to a surprise engagement party 8 hours away and support his friend in his important moments.
6,2,5,4,reddit/amitheasshole/aor2lv,Richard did not buy his close friend a real birthday gift.
6,4,5,5,reddit/amitheasshole/ba9cc7,Robert wasn't happy for his girlfriend and supposedly ruined her big moment after she received a prestigious scholarship.
5,3,4,6,reddit/amitheasshole/ay6qms,William wants his wife to drop her best friend.
6,3,5,4,reddit/amitheasshole/b7iy5a,"Michael didn't help out the family when they needed it, as he overrode his wife and didn't let his brother-in-law's dog stay at their place.  "
6,2,5,4,reddit/amitheasshole/ag3zd6,"John is jealous of his friend for having other friends, and he wants him to stop being friends with another person."
6,2,4,5,reddit/amitheasshole/auc2gx,Charles invited his ex-wife to his birthday party.
6,4,5,5,reddit/amitheasshole/andd11,"John expects his partner's life to revolve around him, and he is angry that she is going on an overseas holiday."
6,3,5,4,reddit/amitheasshole/arw1a7,David cleaned out his mom's pantry without her permission.
6,4,5,5,reddit/amitheasshole/9y9hxg,Michael got in a fight with his dad and disrespected him.
6,2,5,4,reddit/amitheasshole/ak9gsa,Mark ditched his friends to hang out with his girlfriend.
6,5,4,6,reddit/amitheasshole/b3ucsp,Richard is keeping a secret from his wife; he didn't tell her that he had a second child through sperm donation after she gave him a hard time about the first donor kid.
6,4,5,5,reddit/amitheasshole/ac3k08,"William is not supporting his cousin, as he told her that her crappy gelato-serving job is not getting her anywhere."
6,2,5,4,reddit/amitheasshole/b20f3q,Mark doesn't want to help out his coworkers as he doesn't want to print things for them.
6,2,5,4,reddit/amitheasshole/b9quof,John reported someone for cheating.
6,1,5,4,reddit/amitheasshole/b730h6,Thomas kept in touch with his female friends while being in a relationship.
6,5,4,6,reddit/amitheasshole/a9vdwy,Charles is bringing his new family to Disneyland but excluding the child from his previous marriage.
6,7,3,5,reddit/confessions/bk0kt5,"Richard has been replacing his wife's ""all natural"" stuff with poisonous alternatives"
5,4,3,6,reddit/confessions/a3tjmo,Charles regularly gives people misinformation to teach them to listen clearly.
5,1,4,3,reddit/confessions/bwvg3u,John signed a contract that he didn't expect to finish.
6,2,5,4,reddit/confessions/bcn7yt,William fakes illness a lot.
6,1,5,3,reddit/confessions/c2e874,"Robert owes over $650,000 in student loans and cannot pay off."
6,2,5,4,dearabby/title/dearabby_2016_4_3_1_odor-lingers-long-after-smokers-return,James is a smoker and the odor lingers on his book long after he returns it to the library.
6,4,5,5,rocstories/ec67a796-0b6a-4fb8-933f-bb85bc979308/sentence7,"William's dad decided to use William's recipe and start a business, even though he did not ask for permission first."
5,4,5,6,reddit/confessions/aka3i8,Richard manipulates others.
6,1,5,3,reddit/amitheasshole/9yibqj,Charles leaves his Uber driver a one star because the service is bad.
6,7,3,5,reddit/amitheasshole/a48q5n,Mark has an offensive belief that we need cancer and disease to control population.
6,2,5,3,reddit/amitheasshole/b3q88g,James asks his neighbor to clean up their yard before he puts his house on the market.
6,1,5,4,reddit/amitheasshole/aomz1n,James does not want to be friends with his ex and her boyfriend and completely cuts his ex out of his life.
6,3,5,4,reddit/amitheasshole/b94gsq,William ruined his sister's marriage unintentionally.
6,3,5,4,reddit/confessions/ak93lv,Robert still has romantic feelings for a married friend.
6,5,4,5,reddit/confessions/a3bb30,Charles has been faking a medical condition and misleading people about his health since he was 8 years old.
6,1,5,3,reddit/confessions/ahfpy9,Robert lost his mom's wedding ring.
6,4,5,5,reddit/amitheasshole/atkv9q,Michael tries to make money off his friends.
6,5,4,5,reddit/confessions/c6thsq,Mark only dates women for their money.
5,3,4,6,reddit/confessions/8sy7za,Robert hates himself and everyone else for no reason.
6,2,5,4,reddit/amitheasshole/b8ew44,Mark had his booty call coming over when his brother was staying at his apartment for the night.
6,4,5,5,reddit/confessions/bs38x1,Richard takes advantage of coworkers by expecting them to cover for him
6,5,4,5,reddit/amitheasshole/au8f07,Robert recovered photos from a broken drive without telling the customer the price first and forced him to pay for it.
6,5,4,3,reddit/confessions/7y54a0,James stole his mom's money.
6,1,5,3,reddit/amitheasshole/aljrll,Robert has people over late at night although he has a roommate.
6,5,4,5,reddit/confessions/a3625l,Richard infringed on his girlfriend's privacy by reading through all her messages.
6,5,4,5,reddit/confessions/dw2it0,Charles has bias against females.
6,2,5,4,reddit/amitheasshole/awkam2,William accepted money from a woman that he does not want to date.
5,4,3,6,dearabby/title/dearabby_2014_2_24_1_shopper-is-peeved-by-parents-let,Richard let his kids chew on store merchandise.
6,2,5,4,reddit/confessions/9psw0p,"Richard, a sports parent, dislikes other sports parents while pretending that he likes them."
6,7,4,5,reddit/confessions/ezgwcn,"When in secondary school, Mark stole other students' coursework and destroyed them"
6,2,5,4,dearabby/title/dearabby_2002_9_10_0_freeloading-neighbor-may-be-seeking-cup,Richard lets his neighbors take advantage of him.
6,2,5,4,reddit/confessions/ejbbhi,James didn't do his fair share as he didn't get anything for his secret santa giftee.
6,7,4,5,reddit/confessions/99kqhc,Charles says racist things such as jews shouldn't have the right to vote.
6,4,5,5,reddit/amitheasshole/av3jsx,David pulled his work from a project last minute and screwed the team over.
6,5,4,3,reddit/amitheasshole/b4xqkb,Michael intentionally deflated a child's ball
6,4,5,4,eddit/amitheasshole/b2pkm6,James locked his neighbor's bike after they blocked his from getting out
6,4,5,5,reddit/amitheasshole/b7wfmv,Richard used his twin brother's pic on Tinder.
6,3,5,4,reddit/amitheasshole/aup7id,Robert did not attend the lectures his parents paid for and wasted their money.
6,5,4,5,reddit/amitheasshole/ba9fs8,William does not want to pay half of his son's daycare bill and sticks the mother of his son with the full amount of the bill.
6,5,4,6,reddit/amitheasshole/aue300,John tells people he is black even though he's not.
6,2,5,4,reddit/amitheasshole/a1vtu7,John did not pay a friend back.
6,5,4,6,reddit/confessions/9rbnoy,Richard enjoys using a fake name and lying that he has a disease so people can give him attention and sympathy.
6,7,5,4,reddit/confessions/ee9ak2,Mark is going to steal a tip jar tomorrow.
6,1,5,3,reddit/confessions/a14tet,James is employed in a full-time job but only actually works 4 hours a day.
6,4,5,5,reddit/confessions/ck3sjk,"John has a secret relationship with his cousin's childhood friend, who is in another relationship."
6,5,6,5,reddit/confessions/2d9i3y,Richard cheated on his girlfriend.
6,3,4,5,reddit/confessions/al0n7t,"Charles had a fake wedding, and his parents didn't know it was fake."
6,5,4,5,reddit/confessions/9crwxl,"Mark slept with his now step-cousin, which disrupted his family."
6,5,6,4,reddit/confessions/buagh1,David plagiarized his entire final project for his computer science class.
6,7,5,4,reddit/amitheasshole/aolx0v,Robert discriminated against people with disabilities by excluding his friend who has Asperger's Syndrome.
6,2,5,4,reddit/amitheasshole/ba5yf8,"James profited from the owner's ignorance, buying expensive antiques at a yard sale for a low price because the owner had no idea of their value."
6,2,5,4,reddit/amitheasshole/b6mjur,Richard did not get his friends a wedding gift.
6,1,5,3,reddit/amitheasshole/ayt4mg,John watched Captain Marvel using a ticket he bought for Alita.
6,1,5,2,reddit/amitheasshole/am4zbz,Charles lined up at a second checkout line while his wife was already in another line.
6,4,5,5,reddit/amitheasshole/addlha,Michael put all the blame on his wife for their financial problems.
6,3,5,4,reddit/amitheasshole/9uzt3x,Thomas asked for more money after an agreement had been reached.
6,5,4,3,reddit/amitheasshole/9wrobq,"Robert went ""shopping"" at the lost and found table and took things that were not his."
6,4,5,5,reddit/amitheasshole/adwxny,"David told his roommate that he would move out in two months, but after his roommate bought a house to live in, David changed his mind and found a new roommate, misleading him about his plans."
6,4,5,5,reddit/amitheasshole/b5tpf0,John went to the ER and pretended to be sick to get a doctor's note for work.
6,3,5,4,reddit/amitheasshole/an34tc,Mark refused to pay rent and demanded to live for free.
6,2,5,4,reddit/amitheasshole/b3ekfc,Robert expects to be invited on every trip his friends go on and is angry that his friends went on a trip without him.
6,4,5,5,reddit/amitheasshole/ahrab5,"Michael cut his daughter off financially but not his son, therefore not treating his kids equally."
6,1,5,4,reddit/amitheasshole/adhufz,James talked to his low-income friend about being stressed about buying a house.
6,3,5,4,reddit/amitheasshole/aixv4f,Richard played white noise to sleep and bothered his neighbors.
6,1,5,3,reddit/amitheasshole/b0yg3v,Charles interviewed with other companies after accepting a job offer.
6,5,4,5,reddit/amitheasshole/ad8099,Thomas used his girlfriend's credit card without permission.
6,2,5,4,reddit/amitheasshole/aaeyk9,John does not tell people who flirt with him that he has a partner.
6,4,5,5,reddit/amitheasshole/ao48l9,David judges others and feels superior to people who are more unfit than him at the gym.
6,5,4,5,reddit/amitheasshole/b68rvr,Mark judged the poor harshly and tried to get a few homeless guys with bad odor to be kicked out of Starbucks.
6,5,4,3,reddit/amitheasshole/aytypf,William cheated a store with fraudulent returns by forcefully refunding games that he then got to keep.
6,2,4,5,reddit/amitheasshole/aqeh48,"Thomas did not share a collaborative study guide with a classmate, which he shared with everyone else."
6,2,5,4,reddit/amitheasshole/9yh6c9,Robert planned a trip with his friend and excluded his other friend.
6,2,4,5,reddit/amitheasshole/b1n609,James caused financial hardship for his parents by studying in Cambridge.
6,3,5,4,reddit/amitheasshole/b7fkn3,"John didn't tell a girl to leave him alone even though he didn't like her, so he led her on."
6,7,5,4,reddit/amitheasshole/au5bc0,"Robert compares his girlfriend to his exes and shows her pictures of them, who he thinks are better looking than her."
6,2,5,4,reddit/amitheasshole/axp3g9,Richard helped everyone but one kid in the class with homework.
6,3,5,5,reddit/amitheasshole/arwelz,Thomas takes personal beliefs and ideology into consideration when he hires new people for his small business.
6,5,4,5,reddit/confessions/ctm4tz,Charles has an obsession with Asian women.
5,3,4,4,reddit/confessions/dxenr0,David likes airdropping strangers constantly.
6,3,5,2,reddit/confessions/5dxl7w,William stole a microwave.
6,7,5,4,reddit/confessions/alnm08,Mark scammed women online for thousands of dollars over the past several months.
6,5,4,5,reddit/confessions/9rna9t,David once faked interest in a girl's foot injury just to see her feet.
6,3,5,5,reddit/confessions/8z55ds,Thomas tells people his parents are dead instead of the truth - that he cut all contact with them because they're awful
6,1,5,4,reddit/confessions/a0i11c,Richard can't stop procrastinating his studies.
6,3,5,4,rocstories/a471b6da-6ab6-403d-afdb-b291ff46e8b9/sentence2,"Charles wasn't of age yet, but he got a fake ID."
6,2,5,4,rocstories/61d54d53-bedb-4448-954b-234bcef61bc6/sentence1,John was late and made his son wait in the restaurant for 20 minutes.
6,1,5,2,reddit/amitheasshole/artrda,Mark is eating during a crowded five-hour bus trip.
6,1,5,4,reddit/amitheasshole/atnoid,James is dating an older woman with a daughter close to his age.
6,1,5,3,rocstories/4b7cdf37-adab-4c42-a3d2-7220f513eb6a/sentence4,Mark cancelled his plans with friends at the last minute.
5,4,5,6,reddit/confessions/8sqt0u,Michael did illegal things to find joy.
5,3,4,5,reddit/amitheasshole/ab338e,Richard asked his wife's friend to stop coming to their house.
6,4,5,3,dearabby/title/dearabby_2009_8_4_0_irate-commuters-get-an-earful-from,Charles was rude to others by being a loud cell phone user on public transit.
6,4,5,5,reddit/amitheasshole/a9x4b3,John does not let his girlfriend be friend with his classmate
6,2,5,4,reddit/confessions/8jxdtr,John disobeyed his dad because he went into his dad's Facebook account when he was at work.
6,1,5,4,rocstories/f88a0251-6e2b-4324-9840-64d989b26c31/sentence4,Charles assumes people think he is ineffective and unhelpful.
6,4,5,3,reddit/confessions/9wtou0,Mark violated every food health and safety rule in the book.
6,5,4,5,reddit/amitheasshole/b1s12u,Thomas confronted his parents and disrespected them.
6,2,4,5,rocstories/10853abe-7e62-44f8-81b3-8686a74b9cd4/sentence3,Richard lost his sister when he was supposed to be watching her.
6,2,5,4,dearabby/title/dearabby_2018_4_8_2_author-is-offended-by-halfhearted-thanks,William did not thank the author after receiving a free copy of his book.
6,7,4,5,reddit/confessions/dc10el,"Robert, a monk who taught at the school, was alone with his student Jennifer and seduced her into having an affair with him."
6,2,5,5,reddit/confessions/93meji,Charles expects other people to hate his ex best friend because he hates him.
6,1,5,3,reddit/confessions/b9t724,John downloaded Chrome at work without administrator permission.
5,3,4,6,reddit/confessions/e5cowd,James almost lost his virginity when he was underage.
6,2,5,4,reddit/amitheasshole/amiwu9,Mark is mad at his girlfriend because she won't stay the night and take him to the airport.
6,5,5,6,dearabby/title/dearabby_1998_1_24_0_interested-supervisor-may-have-more-on,Richard wants to pursue his employee romantically.
6,4,5,6,rocstories/58ff3bd8-a132-440f-8828-02e82f4fbe66/sentence1,Mark expresses his political bias to students when he teaches a course.
6,2,5,4,dearabby/title/dearabby_2007_4_2_0_baby-boy-isnt-pretty-in-pink,John likes things that are considered feminine.
5,2,4,3,reddit/amitheasshole/a3ut8e,David tapped a woman on the sholder.
6,2,5,4,dearabby/title/dearabby_2004_7_9_0_boy-who-wears-his-hair-long,Robert argued with his parents about wearing long hair.
6,1,5,4,reddit/confessions/d0ajjr,Michael wishes he could disappear and live on an island with no responsibilities.
6,7,5,4,dearabby/title/dearabby_2013_11_27_1_fending-off-the-advances-of-a,Thomas made advances toward his employee even though he is married.
6,4,5,5,reddit/amitheasshole/b1yvq5,Thomas lost his temper at work and went off on a manager who wasn't doing his job.
6,1,5,4,dearabby/title/dearabby_2003_9_27_0_at-home-college-student-bids-to,"William, an at-home college student, bids to lift his weekend curfew and does not want to obey his parents' rules."
6,4,5,5,reddit/amitheasshole/ah298q,Richard evicted his tenant when the tenant complained about the noise his dog made.
6,5,4,5,dearabby/title/dearabby_2009_9_20_0_daughter-is-reluctant-to-be-divorcing,James dumped all his problems on his young child when he was going through a divorce.
6,7,5,6,reddit/confessions/ccfwdv,Richard is sexually involved with his student.
6,2,4,5,reddit/amitheasshole/b213jo,James does not trust his parents and thinks they are robbing him.
5,1,4,3,rocstories/6ce4c736-a4c3-4d48-8113-5889d6a9a079/sentence2,William wasn't organized enough and didn't realize he had no crust until he was almost done.
6,1,5,4,reddit/confessions/b3okxx,Thomas often turns up late for work and doesn't want to work extra hours to make up for it.
6,2,5,4,reddit/amitheasshole/b8ngkx,Thomas doesn't want to get his wife's DOB tattooed on him along with his kids and parents
6,5,4,5,reddit/amitheasshole/arwvcn,James disrespects his dad by cutting his dad's family out of his life.
6,2,5,4,dearabby/title/dearabby_2006_10_7_0_restaurant-hostess-and-manager-give-customer,Richard works at a restaurant and does not help his customers.
5,2,3,6,reddit/confessions/byol5j,Mark keeps putting his fingers in wax because it turns him on when he's burned by it.
6,2,5,4,dearabby/title/dearabby_2007_2_4_0_mother-fears-binge-drinking-daughter-will,Mark let binge drinking interfere with his school performance.
6,1,5,3,dearabby/title/dearabby_2013_7_18_2_family-had-strict-schedule-for-writing,Robert's family has strict rules about writing thank you notes.
6,3,5,4,reddit/amitheasshole/a54okg,Richard told his girlfriend to leave her friend at a casino.
6,2,5,4,reddit/amitheasshole/afozxw,John put sports above his work and left work early on his last day to watch football.
6,5,4,5,reddit/amitheasshole/avhe8x,David was being sarcastic to his class monitor and used humor as a way to hurt other people.
5,2,4,4,reddit/amitheasshole/b6u8t6,Thomas was getting too demanding with his friends.
6,2,4,5,reddit/amitheasshole/b8s7ev,Robert told his wife that she should stop sleeping with a teddy bear.
5,4,3,6,reddit/amitheasshole/adrfp7,James locked his children out of the house.
5,3,4,5,reddit/amitheasshole/b2bqx9,Charles insisted that his partner redo her house in a certain way.
6,7,4,5,reddit/amitheasshole/a6awsr,"Michael told his friend that contracting HIV was a punishment for his sins, and used his belief in a higher power to justify causing pain to others."
6,1,5,3,reddit/amitheasshole/al79xh,John expected a restaurant to serve him even though he got there too late.
6,5,4,6,reddit/amitheasshole/ap0uno,James controls what his wife wears and insists that she not engage in her cross-dressing activities at home while they go through their divorce.
6,3,5,4,reddit/amitheasshole/afsi1y,William forces his kids to go to church.
6,4,5,5,reddit/amitheasshole/b4nhff,Richard told his girlfriend not to talk to her ex-boyfriend.
6,2,5,4,reddit/amitheasshole/a1757c,Robert ignored his father after he lied to him.
6,5,4,5,reddit/amitheasshole/b3i2j1,Michael grew weed in his rental house in a country where it's still illegal.
6,2,5,4,reddit/amitheasshole/a19hwv,John got tattoos after promising his mom that he wouldn't.
6,1,5,2,reddit/amitheasshole/apjwo7,Mark was filling out medical paperwork while in training at work.
6,3,5,4,reddit/amitheasshole/b4o796,Mark expected his sibling to do extra chores even when they are sick
6,5,4,5,reddit/amitheasshole/av17wi,William bothers people about their sexual preferences and repeatedly asks his friend whether his dad is gay.
6,4,5,5,reddit/amitheasshole/b9wjdk,Charles got upset with his mom and her new boyfriend for blatantly having loud sex while he was home.
5,2,4,6,reddit/amitheasshole/avxvee,James told his parents they were not allowed to get a divorce yet.
6,2,5,4,reddit/amitheasshole/azmbrk,Robert fired his personal trainer because he wanted him to eat better and was trying to help him.
6,2,5,4,reddit/amitheasshole/b30yv1,John questioned his boss about every little thing.
6,5,4,5,reddit/amitheasshole/ab3p0b,Mark made his coworker stay late with him to clean up even though he didn't want to.
6,5,4,5,reddit/amitheasshole/agh26c,Thomas told his boss not to hire someone full-time because he smells.
6,5,4,3,reddit/amitheasshole/albshl,"John, an employee at McDonald's, broke company rules by repeating his brother's order as ""1 McCum sandwich""."
6,4,5,5,reddit/amitheasshole/akhqhq,Thomas tried to dictate what others do with their home because he did not want an Airbnb next door.
6,5,4,5,reddit/amitheasshole/azmehk,William called out his roommate's fiancée on her manipulation and selfishness in front of a crowd.
6,4,5,5,reddit/amitheasshole/ah5pkc,David tried to dictate how his girlfriend should buy a new home and was mad when she didn't choose his brother as her agent.
5,4,6,5,reddit/amitheasshole/avgytw,David accessed and took over an account that someone used his email to create.
6,3,5,4,reddit/amitheasshole/b72kn3,Mark told his in-laws to stop buying his kids clothes.
5,3,4,6,reddit/amitheasshole/aqigt8,John asked his girlfriend to uninvite her brother.
6,2,4,5,reddit/amitheasshole/azmwfo,James refused to accompany his mother to a third-world country for his grandfather's funeral.
6,4,5,5,reddit/amitheasshole/ax2bzs,Thomas invited people to his child's birthday party without her permission.
6,4,5,5,reddit/amitheasshole/aon8cf,Charles challenged his supervisor's authority in front of other subordinates.
3,2,2,4,reddit/amitheasshole/b8wmwv,John held up a train to recover stolen glasses.
6,3,5,4,reddit/amitheasshole/afbj3r,Richard ignored his stepfather and treated him like air.
6,2,5,4,reddit/amitheasshole/9x73f6,William ignored an attorney by not returning his call.
6,2,5,4,reddit/amitheasshole/a74oa7,Mark made his younger sister walk the dog once in a while even though she didn't want to.
6,1,5,2,reddit/amitheasshole/akix1t,Richard walked on the wrong side of the footpath.
6,5,4,5,reddit/amitheasshole/asfy60,John pushed his girlfriend to keep her hair dyed.
6,1,5,2,reddit/amitheasshole/aupu7j,David broke the law by jaywalking in front of a cop.
6,3,5,4,reddit/amitheasshole/aqu2jl,James asked his partner to post about them online even though his partner didn't want to.
6,1,5,3,reddit/amitheasshole/az519f,"Thomas canceled his birthday dinner, which was an important plan."
6,4,5,5,reddit/amitheasshole/a4w1zg,David sent an angry email to his teacher about how she's never taught them anything
6,4,5,5,reddit/amitheasshole/9vnfpk,Charles made a scene at work in order to speak to the CEO after his manager gave a misleading performance review.
6,5,4,5,reddit/amitheasshole/ai14ed,Mark relied on a bouncer to take care of his problems and had the bouncer kick a girl out of the club.
6,7,4,5,reddit/amitheasshole/a6ydwl,Robert kicked out an autistic kid from his movie theater without a good reason.
5,3,4,4,reddit/amitheasshole/b7b3s7,William made his mum cry.
6,2,5,4,reddit/confessions/ajvcut,Michael dumbed himself down at school and did less than his best on purpose.
5,1,3,4,reddit/confessions/atvmon,"When Charles was 4, he nearly burned his house down because he wasn’t allowed to go to Chuck. E. Cheese’s."
6,2,5,4,reddit/confessions/cc3tqw,Charles spends all his time masturbating.
6,7,5,4,reddit/amitheasshole/ay5hwu,Robert posted naked pictures of other people on Snapchat.
6,1,4,3,reddit/confessions/af5p3v,Mark wonders what it feels like to wear a nightdress.
6,7,4,5,reddit/confessions/ev6ur3,William spits on his child and makes his child afraid of home.
5,6,2,4,reddit/confessions/7ciwp5,Charles masturbated with his pizza.
6,4,5,5,reddit/confessions/27evyv,James made money selling used underwear on Craigslist and didn't tell his girlfriend.
6,1,5,3,reddit/amitheasshole/b9yj4n,William did not finish his laundry and get his chores done on time.
6,5,4,6,reddit/amitheasshole/b76kck,William judged people's kinks by saying slutty cosplay is weird.
5,1,4,3,reddit/amitheasshole/azyy7y,William did not change his hair to make sure it was styled for his sister's wedding.
5,6,3,7,reddit/confessions/ba63zh,Mark wants to serve as a human toilet for women and be humiliated
6,2,5,3,dearabby/title/dearabby_1991_7_8_0_doctors-hasty-diagnosis-is-prescription-for,"John, a doctor, misdiagnosed his patient."
6,7,2,5,reddit/confessions/dmirgj,Richard slept with his stepmother.
6,5,4,5,reddit/confessions/c2m5ya,David hates Pride month because he is biased against LGBTQ people.
6,7,2,3,reddit/confessions/98c04i,Robert defecated in the shower.
5,3,4,4,reddit/confessions/f29wpp,William enjoys watching lit cigarettes fly out of car windows.
6,3,4,5,reddit/confessions/9ilyhn,James wanted to sell his used socks to random people.
6,7,4,5,reddit/amitheasshole/ax27cp,Richard wrote a note containing the F word to his niece.
6,4,5,5,reddit/amitheasshole/a4jleo,Michael kissed someone while they were on a break.
5,7,3,6,reddit/confessions/e1hud7,Robert masturbated to thoughts of his girlfriend’s daughter.
6,5,4,5,reddit/confessions/alxm6p,Michael faked having a medical condition.
6,1,4,5,reddit/confessions/8rvz94,Charles dislikes everybody and has thoughts of cutting contact with everyone he knows.
6,2,5,4,rocstories/7b01a72c-6852-42d3-a72e-fcae52c17a99/sentence1,Michael keeps a slovenly appearance.
6,2,5,4,dearabby/title/dearabby_2010_5_5_0_victim-of-herpes-infection-feels-consumed,"Richard sleeps around, although he wants to avoid STD."
5,6,4,5,reddit/confessions/4nc732,William is a pervert.
6,3,4,5,reddit/confessions/b977c6,"James does not engage in the bare minimum of personal hygiene, because he has not brushed his teeth for years."
6,4,5,5,rocstories/8848044f-8eef-491e-b69b-4c3cad5c1c42/sentence2,Charles is friends with people who make fun of his name.
6,5,4,5,dearabby/title/dearabby_2005_1_7_0_girls-internet-picture-prank-is-no,Robert posted inappropriate pictures online as a teenager.
6,3,4,5,reddit/confessions/f12kta,James slept with a distant cousin.
6,5,4,5,reddit/confessions/8v8zbx,Michael tried overdosing on pills to kill himself.
6,7,5,4,dearabby/title/dearabby_2018_6_16_0_secret-history-of-molestation-makes-dad,Michael has a secret history of molestation and therefore is being a threat to kids.
6,5,4,3,reddit/confessions/a3t5rc,"James always gets a bag of chocolate and eats it while shopping, and then doesn’t pay for it."
5,6,2,4,reddit/confessions/d9uxvt,Thomas has been feeding his parrot his urine.
6,1,5,2,reddit/confessions/axmao7,James threw up his food.
6,7,3,4,rocstories/9131de6c-05b2-4c14-af5e-2024bfa02a0f/sentence5,Police arrested Michael and revealed that he was treating dogs as food.
7,7,4,3,reddit/confessions/9l7bsv,Mark likes to touch people in intimate areas of their body without consent.
6,1,5,3,reddit/amitheasshole/auz8xr,Charles ditched college.
6,5,4,3,reddit/amitheasshole/aag8hx,Charles burped on his wife's food and she was not able to eat it anymore
5,1,3,4,reddit/confessions/cp19yc,Thomas can only be aroused by his own writing.
6,2,5,4,reddit/amitheasshole/ajrwhu,A coworker asked Thomas to stop chewing loudly with his mouth open.
6,5,4,5,reddit/amitheasshole/aw5p4s,Michael licked the food that he knew his roommates had been eating.
6,2,5,3,reddit/amitheasshole/aoddd9,Mark does not clean the equipment he uses at his work's gym.
6,5,4,5,reddit/amitheasshole/b64tgf,Charles fired their cleaning lady for drawing a huge pen!s/b@lls in their steamed-up mirror.
5,3,4,4,reddit/amitheasshole/azdk7v,James wears his friend's and brother's underwear.
6,7,3,5,reddit/amitheasshole/a4wbsd,William is not treating the dead with respect because he wants to listen to the tape of Jamal Khashoggi's death.
6,2,5,4,reddit/amitheasshole/b7ww2g,"Richard makes noise while eating food, which drives his partner insane."
6,2,5,3,reddit/amitheasshole/b4aq1e,Robert took off his shirt when doing deadlifts while he thought he was alone at the gym.
6,2,4,5,reddit/amitheasshole/a1436j,"Charles clipped his nails at a bus stop, and his girlfriend was angry with him for it."
6,3,4,5,reddit/amitheasshole/b4oph9,John spitted cold tea back in the tea pot during breakfast.
5,6,3,5,reddit/confessions/6f98y5,Mark likes watching women take a dump.
5,1,3,4,reddit/confessions/60xzhb,"When John looks at or touches acrylic paint, he wants to eat it or cover himself with it."
6,5,2,4,reddit/confessions/7x4swj,Thomas loves to eat his dog's boogers.
6,2,5,4,reddit/confessions/b7sl19,Mark has worn clothing from Goodwill without washing it first for multiple times. 
6,7,3,5,reddit/confessions/eisvx6,James masterbated on an airplane.
5,2,3,4,reddit/confessions/9l84t9,Mark sometimes uses a strand of his hair in place of floss.
5,1,3,4,reddit/confessions/9q29e3,"When Richard is at home, he will go outside to do his business dispite the fact he has a perfectly working toilet."
6,5,4,6,reddit/confessions/brbinm,Robert had sexual relations with his cousin.
6,4,3,5,reddit/confessions/abxhwi,Charles doesn't wipe himself after he uses the toilet.
6,7,5,4,reddit/confessions/659izk,James is a secret white supremacist and he thinks white people are superior to other races.
6,7,4,5,reddit/confessions/e2u1jt,Charles sleeps around and had sex multiple times with his father's girlfriend.
5,7,1,6,reddit/confessions/e32l9n,Richard wants to sleep with his grandma.
6,2,4,5,reddit/confessions/ajiypf,Michael obsesses about a mole on his face and hates seeing the same mole on others.
6,1,5,3,reddit/confessions/bcotr7,John only had one shower all week.
5,2,3,6,reddit/confessions/b57pya,Richard wants his friend to stink sometimes because he loves her.
6,7,3,5,reddit/confessions/20f0j7,"Charles came inside his ex-girlfriend multiple times without telling her or her finding out, therefore ejaculating inside her without getting the ok."
6,5,4,6,reddit/amitheasshole/b354b4,Thomas has a gender preference in their selective abortion and wants to have an abortion just because of the gender of the child. 
6,3,5,4,reddit/amitheasshole/b4uwj3,James used the opposite gender's bathroom for an emergency.
6,1,5,4,reddit/confessions/eqyj18,John is scared to do things and he hides all the time from new experiences.
5,3,4,4,reddit/amitheasshole/auk7aw,Charles kissed a lesbian.
5,4,3,6,reddit/amitheasshole/9tfl8r,John asked his friend to use his family's cabin for sex and expected others to indulge his sexual desires.
5,7,3,6,reddit/amitheasshole/akjw77,John is aroused when his girlfriend tells him about her sexual assault.
6,5,4,5,reddit/amitheasshole/az8rn0,Richard was smoking on a ski lift around people who were not smokers.
5,3,4,4,reddit/amitheasshole/b17isp,Robert let his parents diagnose a shower problem while he was showering and fully naked.
6,2,5,4,reddit/amitheasshole/9ul86i,James is talking loudly on the phone in a shared rideshare.
6,5,4,3,reddit/confessions/b6spo8,"John, the residence owner, is being purposefully negligent about a rodent issue that could be causing serious harm."
5,1,4,3,reddit/confessions/alro4l,William recently developed a weird habit of writing on his skin.
6,1,4,3,reddit/confessions/c3mqfm,Richard's girlfriend is nearly 16 years older than him.
6,7,2,5,reddit/confessions/bil5gp,William masturbated near his friends while they slept.
5,1,5,3,reddit/confessions/900850,James drinks a lot.
6,4,5,5,reddit/confessions/di1ytv,John wore women's thongs in middle school and told people about it just to see their reaction.
5,7,4,6,reddit/confessions/dzjswm,Thomas is a pervert and a stalker who likes cute Asians.
6,7,3,5,reddit/confessions/bi4i0u,"Mark masturbated and shook his hand with someone without washing it, therefore sharing bodily fluids with them without them knowing."
5,2,4,3,reddit/confessions/dt234s,David and his friends ate raw deer in the woods right after they killed it. 
6,1,5,4,reddit/confessions/a782w8,Richard is conceited and looks at himself in the mirror much more than he'd like to admit.
5,3,4,6,reddit/confessions/abgfil,David kissed his cousin on the lips.
6,2,4,5,reddit/confessions/4ikzq5,"John wants to go skydiving, base jumping, and anything that is free falling because he finds it peaceful to fantasize about falling to his death."
6,2,4,3,reddit/confessions/4vjr2z,William peed in the bathtub.
6,7,1,5,reddit/confessions/b7vlw9,David sniffed and licked his sister's used tampons.
6,1,5,3,reddit/confessions/b3565z,Richard reads things in a British accent even though he's Canadian.
6,7,4,5,reddit/confessions/daw9hk,Charles touched a passed-out girl inappropriately.
5,2,4,6,reddit/confessions/b7rwxw,David smells his socks and underwear every time he takes them off and finds it extremely satisfying.
