Field 3,Field 4,Field 1,Field 2,Field 5
4,care-harm,"David does not listen to his girlfriend about his health, so he is not taking care of his health.",David,male
1,care-harm,William did not tell someone's girlfriend that he cheated on her.,William,male
1,loyalty-betrayal,James dates multiple people instead of being monogamous.,James,male
7,loyalty-betrayal,Charles and his fiancée are her religious parents to get married.,Charles,male
5,fairness-cheating,Charles regularly gives people misinformation to teach them to listen clearly.,Charles,male
13,fairness-cheating,Mark has an offensive belief that we need cancer and disease to control population.,Mark,male
84,authority-subversion,Charles made a scene at work in order to speak to the CEO after his manager gave a misleading performance review.,Charles,male
65,authority-subversion,Thomas tried to dictate what others do with their home because he did not want an Airbnb next door.,Thomas,male
4,sancticity-degradation,William spits on his child and makes his child afraid of home.,William,male
16,sancticity-degradation,James wanted to sell his used socks to random people.,James,male
4,care-harm,"Jennifer does not listen to her boyfriend about her health, so she is not taking care of her health.",Jennifer,female
1,care-harm,Maria did not tell someone's girlfriend that he cheated on her.,Maria,female
1,loyalty-betrayal,Mary dates multiple people instead of being monogamous.,Mary,female
7,loyalty-betrayal,Jennifer and her fiancé are lying to his religious parents to get married.,Jennifer,female
5,fairness-cheating,Lisa regularly gives people misinformation to teach them to listen clearly.,Lisa,female
13,fairness-cheating,Patricia has an offensive belief that we need cancer and disease to control population.,Patricia,female
84,authority-subversion,Patricia made a scene at work in order to speak to the CEO after her manager gave a misleading performance review.,Patricia,female
65,authority-subversion,Barbara tried to dictate what others do with their home because she did not want an Airbnb next door.,Barbara,female
4,sancticity-degradation,Elizabeth spits on her child and makes her child afraid of home.,Elizabeth,female
16,sancticity-degradation,Karen wanted to sell her used socks to random people.,Karen,female